Workbook

Sheet 01 Master Calendar Log
A1: EXECUTIVE MASTER CALENDAR LOG — FACT TABLE
A2: Project 2: Executive Calendar Architecture & Multi-Stakeholder Scheduling Operations System
A4: Meeting ID | B4: Date | C4: Day | D4: Meeting Type ID | E4: Meeting Title | F4: Stakeholder Tier | G4: Duration (min) | H4: Prep Block (Y/N) | I4: Post-Note (Y/N) | J4: Outcome | K4: Timezone
A5: MTG-001 | B5: 2026-06-01 | C5: Monday | D5: MT-01 | E5: Q2 Strategy Review — Apex Corp | F5: Tier 1 | G5: 60 | H5: Y | I5: Y | J5: Action items sent | K5: EST
A6: MTG-002 | B6: 2026-06-01 | C6: Monday | D6: MT-03 | E6: Weekly Team Standup | F6: Internal | G6: 30 | H6: N | I6: Y | J6: Completed | K6: EST
A7: MTG-003 | B7: 2026-06-02 | C7: Tuesday | D7: MT-02 | E7: Budget Planning Session — Finance | F7: Internal | G7: 45 | H7: Y | I7: Y | J7: Follow-up scheduled | K7: EST
A8: MTG-004 | B8: 2026-06-03 | C8: Wednesday | D8: MT-01 | E8: Contract Negotiation — Meridian Ltd | F8: Tier 1 | G8: 90 | H8: Y | I8: Y | J8: Proposal sent | K8: GMT
A9: MTG-005 | B9: 2026-06-04 | C9: Thursday | D9: MT-04 | E9: Strategic Planning Block | F9: Internal | G9: 120 | H9: N | I9: N | J9: Completed | K9: EST
A10: MTG-006 | B10: 2026-06-05 | C10: Friday | D10: MT-02 | E10: Department Head Sync | F10: Internal | G10: 45 | H10: Y | I10: Y | J10: Minutes distributed | K10: EST
A11: MTG-007 | B11: 2026-06-08 | C11: Monday | D11: MT-01 | E11: Client Onboarding — Nova Partners | F11: Tier 2 | G11: 60 | H11: Y | I11: Y | J11: Onboarding complete | K11: PST
A12: MTG-008 | B12: 2026-06-09 | C12: Tuesday | D12: MT-03 | E12: Weekly Team Standup | F12: Internal | G12: 30 | H12: N | I12: Y | J12: Completed | K12: EST
A13: MTG-009 | B13: 2026-06-10 | C13: Wednesday | D13: MT-01 | E13: Quarterly Review — Tier 1 Portfolio | F13: Tier 1 | G13: 90 | H13: Y | I13: Y | J13: Report shared | K13: EST
A14: MTG-010 | B14: 2026-06-11 | C14: Thursday | D14: MT-02 | E14: HR Policy Update Briefing | F14: Internal | G14: 45 | H14: Y | I14: N | J14: Policy approved | K14: EST
A15: MTG-011 | B15: 2026-06-12 | C15: Friday | D15: MT-04 | E15: Strategic Planning Block | F15: Internal | G15: 120 | H15: N | I15: N | J15: Completed | K15: EST
A16: MTG-012 | B16: 2026-06-15 | C16: Monday | D16: MT-01 | E16: New Business Pitch — Zenith Inc | F16: Tier 1 | G16: 60 | H16: Y | I16: Y | J16: Proposal requested | K16: CST
... A19: MTG-015 | B19: 2026-06-18 | C19: Thursday | D19: MT-01 | E19: Account Check-In — Apex Corp | F19: Tier 1 | G19: 30 | H19: Y | I19: Y | J19: Relationship maintained | K19: EST
A20: TOTAL MEETINGS LOGGED | E20: =COUNTA(A5:A19) -> 15 | G20: =SUM(G5:G19) -> 900
A22: Star Schema: This Fact Table links to Dimension Tables via Meeting Type ID, Stakeholder Tier, and Timezone. See sheets 02-04.

Sheet 02 Meeting Type Templates
A1: DIMENSION TABLE 1: MEETING TYPE TEMPLATE DIRECTORY
A2: Links to Master Calendar Log via Meeting Type ID
A4: Type ID | B4: Meeting Name | C4: Color Code | D4: Duration Cap | E4: Prep Required | F4: Buffer After | G4: Standard Agenda Items
A5: MT-01 | B5: Client-Facing / External | C5: Green | D5: 90 min max | E5: 15 min before | F5: 10 min after | G5: 1. Welcome & introductions 2. Agenda review 3. Business discussion 4. Action items 5. Next steps
A6: MT-02 | B6: Internal Review / Team | C6: Blue | D6: 45 min max | E6: 10 min before | F6: 5 min after | G6: 1. Status updates 2. Blockers 3. Decisions required 4. Action assignments 5. Close
A7: MT-03 | B7: Weekly Standup | C7: Yellow | D7: 30 min max | E7: None | F7: 5 min after | G7: 1. What did I complete? 2. What am I working on? 3. Any blockers?
A8: MT-04 | B8: Strategic Planning Block | C8: Purple | D8: 3 hrs max | E8: None | F8: None — protected time | G8: No agenda — deep work session. Do not schedule other meetings on this day.

Sheet 03 Stakeholder Priority Matrix
A1: DIMENSION TABLE 2: STAKEHOLDER PRIORITY MATRIX
A2: Links to Master Calendar Log via Stakeholder Tier
A4: Tier | B4: Description | C4: Response SLA | D4: Can Self-Book? | E4: Calendly Link Type | F4: Escalate if No-Show?
A5: Tier 1 | B5: Top-tier clients, board members, C-suite partners | C5: Same day | D5: YES | E5: External Client Link | F5: YES — notify team lead within 1 hour
A6: Tier 2 | B6: Mid-level clients, key vendors, senior contacts | C6: Within 24 hrs | D6: YES | E6: External Client Link | F6: YES — reschedule within same day
A7: Tier 3 | B7: General clients, prospective accounts | C7: Within 48 hrs | D7: YES | E7: Standard Public Link | F7: NO — send reschedule email
A8: Internal | B8: Staff, team leads, department heads | C8: Within 24 hrs | D8: YES | E8: Internal Team Link | F8: NO — reschedule at next available slot

Sheet 04 Time Zone Reference
A1: DIMENSION TABLE 3: TIME ZONE CONVERSION REFERENCE
A2: Links to Master Calendar Log via Timezone field
A4: Code | B4: Full Name | C4: UTC Offset | D4: Business Hours (Local) | E4: EST Equivalent | F4: Key Contacts
A5: EST | B5: Eastern Standard Time | C5: UTC-5 | D5: 9:00 AM – 5:00 PM | E5: 9:00 AM – 5:00 PM | F5: Head office, most internal staff
A6: CST | B6: Central Standard Time | C6: UTC-6 | D6: 9:00 AM – 5:00 PM | E6: 10:00 AM – 6:00 PM | F6: Zenith Inc., Midwest clients
A7: MST | B7: Mountain Standard Time | C7: UTC-7 | D7: 9:00 AM – 5:00 PM | E7: 11:00 AM – 7:00 PM | F7: Denver office contacts
A8: PST | B8: Pacific Standard Time | C8: UTC-8 | D8: 9:00 AM – 5:00 PM | E8: 12:00 PM – 8:00 PM | F8: Nova Partners, West Coast accounts
A9: GMT | B9: Greenwich Mean Time | C9: UTC+0 | D9: 9:00 AM – 5:00 PM | E9: 4:00 AM – 12:00 PM | F9: Meridian Ltd., UK-based clients
A10: CET | B10: Central European Time | C10: UTC+1 | D10: 9:00 AM – 5:00 PM | E10: 3:00 AM – 11:00 AM | F10: European partners
A11: IST | B11: India Standard Time | C11: UTC+5:30 | D11: 9:00 AM – 6:00 PM | E11: 10:30 PM – 7:30 AM | F11: Offshore dev team

Sheet 05 Executive Dashboard
A1: EXECUTIVE CALENDAR DASHBOARD — SCHEDULING PERFORMANCE OVERVIEW
A2: Source: Master Calendar Log | Period: June 2026 | Executive: Souravdeep Singh
A4: TOTAL MEETINGS (JUNE) | E4: CLIENT-FACING MEETINGS | H4: TOTAL MEETING HOURS
A5: =COUNTA('01 Master Calendar Log'!A5:A19) -> 15 | E5: =COUNTIF('01 Master Calendar Log'!F5:F19,"Tier 1")+COUNTIF('01 Master Calendar Log'!F5:F19,"Tier 2") -> 6 | H5: =SUM('01 Master Calendar Log'!G5:G19)/60 -> 15
A7: MEETINGS BY TYPE | G7: PREP BLOCK COMPLIANCE
A8: Type ID | B8: Meeting Name | C8: Count | D8: Total Min | E8: % of Total | G8: Status | H8: Count | I8: % Total
A9: MT-01 | B9: Client-Facing | C9: =COUNTIF('01 Master Calendar Log'!D5:D19,A9) -> 6 | D9: =SUMIF('01 Master Calendar Log'!D5:D19,A9,'01 Master Calendar Log'!G5:G19) -> 390 | E9: =IFERROR(C9/SUM($C$9:$C$12),0) -> 0.4 | G9: Prep Scheduled (Y) | H9: =COUNTIF('01 Master Calendar Log'!H5:H19,"Y") -> 10 | I9: =IFERROR(H9/SUM($H$9:$H$10),0) -> 0.66666667
A10: MT-02 | B10: Internal Review | C10: =COUNTIF('01 Master Calendar Log'!D5:D19,A10) -> 4 | D10: =SUMIF('01 Master Calendar Log'!D5:D19,A10,'01 Master Calendar Log'!G5:G19) -> 180 | E10: =IFERROR(C10/SUM($C$9:$C$12),0) -> 0.26666667 | G10: No Prep Block (N) | H10: =COUNTIF('01 Master Calendar Log'!H5:H19,"N") -> 5 | I10: =IFERROR(H10/SUM($H$9:$H$10),0) -> 0.33333333
A11: MT-03 | B11: Weekly Standup | C11: =COUNTIF('01 Master Calendar Log'!D5:D19,A11) -> 3 | D11: =SUMIF('01 Master Calendar Log'!D5:D19,A11,'01 Master Calendar Log'!G5:G19) -> 90 | E11: =IFERROR(C11/SUM($C$9:$C$12),0) -> 0.2
A12: MT-04 | B12: Strategic Planning | C12: =COUNTIF('01 Master Calendar Log'!D5:D19,A12) -> 2 | D12: =SUMIF('01 Master Calendar Log'!D5:D19,A12,'01 Master Calendar Log'!G5:G19) -> 240 | E12: =IFERROR(C12/SUM($C$9:$C$12),0) -> 0.13333333
